Ticker,Weight
NVDA,0.067
AAPL,0.0599
MSFT,0.054400000000000004
AMZN,0.0335
GOOGL,0.0274
AVGO,0.024399999999999998
GOOG,0.022400000000000003
META,0.0218
TSLA,0.0202
BRK-B,0.0138
JPM,0.0134
LLY,0.013000000000000001
V,0.009000000000000001
XOM,0.0076
JNJ,0.0075
WMT,0.0073
MA,0.006999999999999999
PLTR,0.0062
ABBV,0.0060999999999999995
NFLX,0.006
COST,0.0058
BAC,0.005600000000000001
HD,0.0052
AMD,0.0052
PG,0.0051
ORCL,0.005
GE,0.0049
MU,0.0048
CSCO,0.004699999999999999
UNH,0.0045000000000000005
WFC,0.0045000000000000005
IBM,0.0043
CVX,0.0042
KO,0.0040999999999999995
CAT,0.0040999999999999995
MRK,0.004
GS,0.004
PM,0.0038
CRM,0.0037
RTX,0.0037
LRCX,0.0034000000000000002
MCD,0.0033
TMO,0.0033
ABT,0.0032
C,0.0032
AMAT,0.0032
MS,0.0031
AXP,0.0031
DIS,0.0031
ISRG,0.0031
LIN,0.003
PEP,0.003
QCOM,0.0028000000000000004
INTU,0.0028000000000000004
GEV,0.0027
AMGN,0.0027
BKNG,0.0027
TJX,0.0026
SCHW,0.0026
APP,0.0026
VZ,0.0026
T,0.0026
ACN,0.0026
KLAC,0.0025
NEE,0.0025
APH,0.0025
BLK,0.0025
UBER,0.0025
BA,0.0024
TXN,0.0024
SPGI,0.0024
INTC,0.0024
NOW,0.0024
COF,0.0024
GILD,0.0023
ADBE,0.0022
DHR,0.0022
PFE,0.0021
BSX,0.0021
UNP,0.0021
ADI,0.0021
LOW,0.0021
ANET,0.002
PGR,0.002
WELL,0.0019
PANW,0.0019
ETN,0.0019
HON,0.0019
MDT,0.0019
SYK,0.0018
PLD,0.0018
VRTX,0.0018
CRWD,0.0018
NEM,0.0017000000000000001
BX,0.0017000000000000001
CB,0.0017000000000000001
COP,0.0017000000000000001
DE,0.0017000000000000001
CEG,0.0017000000000000001
PH,0.0017000000000000001
BMY,0.0017000000000000001
CMCSA,0.0016
ADP,0.0016
MCK,0.0016
CVS,0.0015
CME,0.0015
LMT,0.0015
TMUS,0.0015
SBUX,0.0015
MO,0.0015
SO,0.0014000000000000002
ICE,0.0014000000000000002
MMC,0.0014000000000000002
DUK,0.0014000000000000002
SPOT,0.0014000000000000002
KKR,0.0013
SNPS,0.0013
HOOD,0.0013
TT,0.0013
CRH,0.0013
CDNS,0.0013
MMM,0.0013
GD,0.0013
USB,0.0013
PNC,0.0013
HWM,0.0013
DASH,0.0013
AMT,0.0012
BK,0.0012
WM,0.0012
MCO,0.0012
JCI,0.0012
REGN,0.0012
NOC,0.0012
ORLY,0.0012
ELV,0.0012
GM,0.0012
HCA,0.0012
EMR,0.0012
FCX,0.0011
SHW,0.0011
MRVL,0.0011
AON,0.0011
EQIX,0.0011
UPS,0.0011
SNOW,0.0011
ITW,0.0011
CI,0.0011
TDG,0.0011
WMB,0.0011
RCL,0.0011
CMI,0.0011
MDLZ,0.0011
MAR,0.0011
NKE,0.0011
GLW,0.001
CSX,0.001
HLT,0.001
WBD,0.001
ECL,0.001
AJG,0.001
CTAS,0.001
NSC,0.001
TFC,0.001
TRV,0.001
CL,0.001
ADSK,0.001
PWR,0.001
VRT,0.001
NET,0.001
FDX,0.001
MSI,0.0009
COR,0.0009
WDC,0.0009
APO,0.0009
AEP,0.0009
SPG,0.0009
CVNA,0.0009
ABNB,0.0009
ROST,0.0009
SRE,0.0009
PCAR,0.0009
AZO,0.0009
NU,0.0009
SLB,0.0009
EOG,0.0008
PYPL,0.0008
ZTS,0.0008
BDX,0.0008
LHX,0.0008
APD,0.0008
ALL,0.0008
VST,0.0008
IDXX,0.0008
MNST,0.0008
AFL,0.0008
DLR,0.0008
URI,0.0008
COIN,0.0008
KMI,0.0008
F,0.0008
O,0.0008
PSX,0.0008
FTNT,0.0008
EA,0.0008
RBLX,0.0008
ALNY,0.0008
D,0.0008
MPC,0.0008
VLO,0.0007000000000000001
EW,0.0007000000000000001
CMG,0.0007000000000000001
CAH,0.0007000000000000001
CBRE,0.0007000000000000001
ROP,0.0007000000000000001
AME,0.0007000000000000001
AIG,0.0007000000000000001
FAST,0.0007000000000000001
WDAY,0.0007000000000000001
TTWO,0.0007000000000000001
AMP,0.0007000000000000001
CTVA,0.0007000000000000001
DAL,0.0007000000000000001
AU,0.0007000000000000001
OKE,0.0007000000000000001
GWW,0.0007000000000000001
ROK,0.0007000000000000001
TGT,0.0007000000000000001
MET,0.0007000000000000001
NDAQ,0.0007000000000000001
BKR,0.0007000000000000001
FERG,0.0007000000000000001
XEL,0.0007000000000000001
EXC,0.0007000000000000001
MPWR,0.0007000000000000001
AXON,0.0007000000000000001
RSG,0.0006
MSCI,0.0006
DDOG,0.0006
MSTR,0.0006
YUM,0.0006
CARR,0.0006
ETR,0.0006
CTSH,0.0006
PSA,0.0006
DELL,0.0006
FICO,0.0006
LNG,0.0006
PRU,0.0006
PEG,0.0006
TRGP,0.0006
HIG,0.0006
A,0.0006
EBAY,0.0006
DHI,0.0006
VMC,0.0006
MLM,0.0006
IQV,0.0006
CCI,0.0006
KR,0.0006
NUE,0.0006
GEHC,0.0006
WAB,0.0006
STT,0.0006
VTR,0.0006
INSM,0.0006
UAL,0.0006
PAYX,0.0006
FISV,0.0005
KDP,0.0005
XYZ,0.0005
SYY,0.0005
FIS,0.0005
RMD,0.0005
ED,0.0005
KEYS,0.0005
FLUT,0.0005
CPRT,0.0005
PCG,0.0005
WEC,0.0005
MDB,0.0005
ACGL,0.0005
OTIS,0.0005
MCHP,0.0005
XYL,0.0005
CIEN,0.0005
EXPE,0.0005
EQT,0.0005
SNDK,0.0005
KMB,0.0005
FIX,0.0005
GRMN,0.0005
VEEV,0.0005
CCL,0.0005
KVUE,0.0005
SOFI,0.0005
FITB,0.0005
HPE,0.0005
IR,0.0005
MTB,0.0005
WTW,0.0005
CPNG,0.0005
ARES,0.0005
TER,0.0005
HUM,0.0005
SYF,0.0005
VRSK,0.0005
NRG,0.0005
DG,0.0005
NTRA,0.0005
RJF,0.0005
ODFL,0.0004
VICI,0.0004
LPLA,0.0004
COHR,0.0004
MTD,0.0004
RKLB,0.0004
IBKR,0.0004
CSGP,0.0004
OXY,0.0004
RDDT,0.0004
HBAN,0.0004
ADM,0.0004
FANG,0.0004
EME,0.0004
EXR,0.0004
LITE,0.0004
FSLR,0.0004
EFX,0.0004
DOV,0.0004
TSCO,0.0004
CBOE,0.0004
MKL,0.0004
ULTA,0.0004
TEAM,0.0004
TPR,0.0004
DTE,0.0004
BR,0.0004
AEE,0.0004
ATO,0.0004
NTRS,0.0004
HSY,0.0004
DXCM,0.0004
EL,0.0004
CFG,0.0004
PPL,0.0004
AVB,0.0004
BIIB,0.0004
OMC,0.0004
AWK,0.0004
CINF,0.0004
JBL,0.0004
GIS,0.0004
CNP,0.0004
STE,0.0004
RF,0.0004
ES,0.0004
EXE,0.0004
FE,0.0004
HUBB,0.0004
STLD,0.0004
VLTO,0.0004
IRM,0.0004
EQR,0.0004
TDY,0.0004
DLTR,0.0004
PPG,0.0004
HAL,0.0004
LDOS,0.0004
FLEX,0.0004
PHM,0.0004
BRO,0.0004
ZM,0.0003
ON,0.0003
WAT,0.0003
LYV,0.0003
TROW,0.0003
EIX,0.0003
QSR,0.0003
ZS,0.0003
DVN,0.0003
WSM,0.0003
NTAP,0.0003
CRDO,0.0003
DRI,0.0003
LULU,0.0003
HPQ,0.0003
LH,0.0003
LEN,0.0003
UTHR,0.0003
ILMN,0.0003
PSTG,0.0003
CW,0.0003
CASY,0.0003
CPAY,0.0003
EXPD,0.0003
ALAB,0.0003
CHD,0.0003
IP,0.0003
PTC,0.0003
CMS,0.0003
VRSN,0.0003
FWONK,0.0003
KHC,0.0003
PODD,0.0003
SBAC,0.0003
LVS,0.0003
WRB,0.0003
BAM,0.0003
AFRM,0.0003
HUBS,0.0003
TYL,0.0003
NVR,0.0003
STZ,0.0003
SW,0.0003
KEY,0.0003
WST,0.0003
CNC,0.0003
TWLO,0.0003
PFG,0.0003
FCNCA,0.0003
RBA,0.0003
CHRW,0.0003
GPN,0.0003
CTRA,0.0003
NI,0.0003
LUV,0.0003
HEIA,0.0003
TRMB,0.0003
DGX,0.0003
BE,0.0003
IT,0.0003
RGLD,0.0003
SSNC,0.0003
EXAS,0.0003
AMCR,0.0003
WWD,0.0003
PKG,0.0003
BURL,0.0003
SGI,0.0003
RKT,0.0003
FTI,0.0003
SNA,0.0003
L,0.0003
CDW,0.0003
ZBH,0.0003
FTAI,0.0003
FTV,0.0003
Q,0.0003
MKC,0.0003
USFD,0.0003
THC,0.0003
PNR,0.0003
GPC,0.0003
GDDY,0.0003
WY,0.0003
TLN,0.0003
ALB,0.0003
CHTR,0.0003
GWRE,0.0003
IFF,0.0003
DD,0.0003
NVT,0.0003
TTD,0.0003
TRU,0.0003
ROL,0.0003
ESS,0.0003
FN,0.0003
EVRG,0.0003
COO,0.0003
HOLX,0.0003
INVH,0.0003
TOST,0.0003
DKNG,0.0003
APTV,0.0003
JLL,0.0002
LNT,0.0002
TSN,0.0002
DOW,0.0002
TPL,0.0002
ATI,0.0002
J,0.0002
CRS,0.0002
TXT,0.0002
EWBC,0.0002
RIVN,0.0002
MAA,0.0002
RS,0.0002
INCY,0.0002
XPO,0.0002
CG,0.0002
BWXT,0.0002
ASTS,0.0002
NLY,0.0002
SMCI,0.0002
FOXA,0.0002
LII,0.0002
JBHT,0.0002
IONQ,0.0002
RPRX,0.0002
PINS,0.0002
SUI,0.0002
GEN,0.0002
ITT,0.0002
DECK,0.0002
FFIV,0.0002
TKO,0.0002
BALL,0.0002
U,0.0002
VTRS,0.0002
ROKU,0.0002
APG,0.0002
SATS,0.0002
OKTA,0.0002
PFGC,0.0002
RVMD,0.0002
NBIX,0.0002
FNF,0.0002
HII,0.0002
HEI,0.0002
CSL,0.0002
WPC,0.0002
EG,0.0002
RBC,0.0002
MTZ,0.0002
AVY,0.0002
DOCU,0.0002
RL,0.0002
JKHY,0.0002
ALLE,0.0002
GGG,0.0002
DKS,0.0002
RPM,0.0002
LECO,0.0002
MAS,0.0002
KIM,0.0002
UNM,0.0002
EQH,0.0002
AA,0.0002
IEX,0.0002
RGA,0.0002
DPZ,0.0002
BBY,0.0002
RNR,0.0002
TOL,0.0002
NTNX,0.0002
SF,0.0002
EVR,0.0002
NDSN,0.0002
SCCO,0.0002
DT,0.0002
NXT,0.0002
ACM,0.0002
MEDP,0.0002
HST,0.0002
ENTG,0.0002
MLI,0.0002
CF,0.0002
VIK,0.0002
OHI,0.0002
TW,0.0002
HL,0.0002
KTOS,0.0002
QXO,0.0002
GH,0.0002
REG,0.0002
IONS,0.0002
AKAM,0.0002
ZBRA,0.0002
EXEL,0.0002
ALLY,0.0002
AIZ,0.0002
CACI,0.0002
BJ,0.0002
SNX,0.0002
BLD,0.0002
FHN,0.0002
PEN,0.0002
UHS,0.0002
CLX,0.0002
CLH,0.0002
WCC,0.0002
UDR,0.0002
WSO,0.0002
CCK,0.0002
GLPI,0.0002
CMA,0.0002
DTM,0.0002
CDE,0.0002
AYI,0.0002
CPT,0.0002
SOLV,0.0002
BBIO,0.0002
BG,0.0002
EPAM,0.0002
ELS,0.0002
GL,0.0002
Z,0.0002
TXRH,0.0002
RVTY,0.0002
SWK,0.0002
HAS,0.0002
NYT,0.0002
BLDR,0.0002
IOT,0.0002
MDGL,0.0002
DOC,0.0002
AGNC,0.0002
FDS,0.0002
LYB,0.0002
BMRN,0.0002
SCI,0.0002
DCI,0.0002
MRNA,0.0002
LAMR,0.0002
ELAN,0.0002
EHC,0.0002
ORI,0.0002
MTSI,0.0002
MANH,0.0002
ALGN,0.0002
BXP,0.0002
MKSI,0.0002
DAY,0.0002
PNW,0.0002
WMS,0.0002
WTRG,0.0002
WBS,0.0002
RBRK,0.0002
AMH,0.0002
CRL,0.0002
AIT,0.0002
JAZZ,0.0002
LSCC,0.0002
CNM,0.0002
BAH,0.0002
FIVE,0.0002
ONON,0.0002
RMBS,0.0002
DY,0.0002
SJM,0.0002
OVV,0.0002
NWSA,0.0002
IVZ,0.0002
AAL,0.0002
AES,0.0001
SPXC,0.0001
GMED,0.0001
BAX,0.0001
ENSG,0.0001
NCLH,0.0001
SWKS,0.0001
AR,0.0001
HLI,0.0001
PR,0.0001
BWA,0.0001
ARMK,0.0001
OC,0.0001
STRL,0.0001
JEF,0.0001
FOX,0.0001
QGEN,0.0001
AVAV,0.0001
CR,0.0001
SSB,0.0001
WYNN,0.0001
EGP,0.0001
SN,0.0001
FLS,0.0001
RRX,0.0001
W,0.0001
DOX,0.0001
REXR,0.0001
GTLS,0.0001
TECH,0.0001
ARWR,0.0001
PLNT,0.0001
WTFC,0.0001
WAL,0.0001
OWL,0.0001
COKE,0.0001
AFG,0.0001
RGEN,0.0001
TTEK,0.0001
APA,0.0001
CFLT,0.0001
FYBR,0.0001
MOH,0.0001
OGE,0.0001
ZION,0.0001
SAIA,0.0001
ALSN,0.0001
COLB,0.0001
OSK,0.0001
AWI,0.0001
UMBF,0.0001
IDCC,0.0001
ROIV,0.0001
PRI,0.0001
FRT,0.0001
GME,0.0001
SEIC,0.0001
PCOR,0.0001
HALO,0.0001
KNSL,0.0001
VMI,0.0001
TPG,0.0001
CMC,0.0001
BPOP,0.0001
QBTS,0.0001
MTCH,0.0001
KNX,0.0001
RNA,0.0001
PAYC,0.0001
HSIC,0.0001
OKLO,0.0001
OMF,0.0001
TTC,0.0001
ARE,0.0001
CTRE,0.0001
RRC,0.0001
AMG,0.0001
CNH,0.0001
AXS,0.0001
LAD,0.0001
GNRC,0.0001
CAG,0.0001
SANM,0.0001
LKQ,0.0001
AOS,0.0001
TAP,0.0001
ONTO,0.0001
UGI,0.0001
HQY,0.0001
AHR,0.0001
R,0.0001
JBTM,0.0001
ATR,0.0001
ADC,0.0001
ONB,0.0001
SOLS,0.0001
BRX,0.0001
CART,0.0001
CUBE,0.0001
SFM,0.0001
SITM,0.0001
AEIS,0.0001
CFR,0.0001
CORT,0.0001
LUMN,0.0001
G,0.0001
CLF,0.0001
BROS,0.0001
MGM,0.0001
POOL,0.0001
AVTR,0.0001
PNFP,0.0001
TTMI,0.0001
MOS,0.0001
EMN,0.0001
FR,0.0001
LYFT,0.0001
WING,0.0001
CELH,0.0001
WTS,0.0001
INGR,0.0001
MUSA,0.0001
NFG,0.0001
CHDN,0.0001
LNC,0.0001
SNV,0.0001
ESTC,0.0001
AXTA,0.0001
DINO,0.0001
MOD,0.0001
VOYA,0.0001
QRVO,0.0001
BEN,0.0001
SSD,0.0001
EXP,0.0001
H,0.0001
MIDD,0.0001
MOGA,0.0001
NNN,0.0001
ACI,0.0001
OLLI,0.0001
FSS,0.0001
HRL,0.0001
HIMS,0.0001
RGTI,0.0001
CYTK,0.0001
JXN,0.0001
ZWS,0.0001
CBSH,0.0001
STAG,0.0001
MTG,0.0001
MP,0.0001
FLR,0.0001
PCTY,0.0001
ORA,0.0001
AL,0.0001
IDA,0.0001
PATH,0.0001
CHWY,0.0001
EAT,0.0001
DUOL,0.0001
MAT,0.0001
XP,0.0001
CWAN,0.0001
HXL,0.0001
PRIM,0.0001
SMTC,0.0001
EXLS,0.0001
CWST,0.0001
FND,0.0001
MKTX,0.0001
FCFS,0.0001
PB,0.0001
ANF,0.0001
KEX,0.0001
THG,0.0001
CRUS,0.0001
ESAB,0.0001
ESNT,0.0001
AGCO,0.0001
GKOS,0.0001
VFC,0.0001
KD,0.0001
FAF,0.0001
STWD,0.0001
AXSM,0.0001
CHE,0.0001
JOBY,0.0001
RITM,0.0001
LEA,0.0001
ALK,0.0001
FBIN,0.0001
NXST,0.0001
GXO,0.0001
KRYS,0.0001
CGNX,0.0001
M,0.0001
VNOM,0.0001
JHG,0.0001
FNB,0.0001
LFUS,0.0001
PRAX,0.0001
NOV,0.0001
BSY,0.0001
LW,0.0001
VNT,0.0001
ARW,0.0001
IBP,0.0001
TEM,0.0001
CADE,0.0001
KMX,0.0001
GAP,0.0001
TMHC,0.0001
HRB,0.0001
CAVA,0.0001
VNO,0.0001
GBCI,0.0001
MSA,0.0001
AM,0.0001
PEGA,0.0001
TFX,0.0001
PCVX,0.0001
BIO,0.0001
IRTC,0.0001
GATX,0.0001
DOCS,0.0001
EPRT,0.0001
PIPR,0.0001
PTCT,0.0001
SITE,0.0001
RAL,0.0001
UEC,0.0001
HWC,0.0001
ENS,0.0001
ETSY,0.0001
WH,0.0001
MASI,0.0001
TRNO,0.0001
SLM,0.0001
MHK,0.0001
AS,0.0001
CHRD,0.0001
DAR,0.0001
BOOT,0.0001
MIR,0.0001
RYTM,0.0001
BFAM,0.0001
UFPI,0.0001
ESI,0.0001
SEE,0.0001
APLD,0.0001
WFRD,0.0001
RHP,0.0001
OLED,0.0001
TIGO,0.0001
COGT,0.0001
RLI,0.0001
HOMB,0.0001
GTLB,0.0001
VLY,0.0001
TXNM,0.0001
HR,0.0001
GNTX,0.0001
HLNE,0.0001
CVLT,0.0001
KBR,0.0001
BIPC,0.0001
POR,0.0001
BMI,0.0001
AN,0.0001
AUB,0.0001
TKR,0.0001
RDN,0.0001
OPCH,0.0001
CZR,0.0001
BC,0.0001
APPF,0.0001
CPB,0.0001
MTN,0.0001
FCN,0.0001
THO,0.0001
UBSI,0.0001
ACA,0.0001
BRKR,0.0001
PTGX,0.0001
SIGI,0.0001
LPX,0.0001
LBRDK,0.0001
BCO,0.0001
BKH,0.0001
GTES,0.0001
DBX,0.0001
SAIC,0.0001
OZK,0.0001
RYAN,0.0001
SWX,0.0001
WEX,0.0001
QLYS,0.0001
NUVL,0.0001
GPI,0.0001
MORN,0.0001
MTDR,0.0001
REZI,0.0001
WTM,0.0001
CROX,0.0001
LOPE,0.0001
MMSI,0.0001
ST,0.0001
CSW,0.0001
NPO,0.0001
POST,0.0001
COMP,0.0001
LSTR,0.0001
BEPC,0.0001
ACIW,0.0001
KRG,0.0001
AAON,0.0001
HRI,0.0001
ESE,0.0001
BDC,0.0001
ROAD,0.0001
RDNT,0.0001
GVA,0.0001
MTH,0.0001
ABG,0.0001
CIFR,0.0001
CNR,0.0001
SR,0.0001
HCC,0.0001
ACHR,0.0001
SKY,0.0001
OGS,0.0001
BCPC,0.0001
AEO,0.0001
HUT,0.0001
CE,0.0001
BYD,0.0001
URBN,0.0001
AUR,0.0001
UHALB,0.0001
CNX,0.0001
LNTH,0.0001
CVCO,0.0001
MRP,0.0001
AGX,0.0001
ADMA,0.0001
AMTM,0.0001
MMS,0.0001
PI,0.0001
TGTX,0.0001
LAZ,0.0001
OSIS,0.0001
ABCB,0.0001
SSRM,0.0001
RIOT,0.0001
TCBI,0.0001
KYMR,0.0001
NJR,0.0001
LAUR,0.0001
BBWI,0.0001
QTWO,0.0001
ALKS,0.0001
LMND,0.0001
AX,0.0001
FOUR,0.0001
NOVT,0.0001
QS,0.0001
CRSP,0.0001
PECO,0.0001
AVT,0.0001
ATMU,0.0001
PL,0.0001
SNEX,0.0001
ENVA,0.0001
CNO,0.0001
MAC,0.0001
TNL,0.0001
BILL,0.0001
SBRA,0.0001
ENPH,0.0001
MUR,0.0001
KRC,0.0001
FORM,0.0001
CCC,0.0001
GPK,0.0001
FTDR,0.0001
AMKR,0.0001
AGO,0.0001
ECG,0.0001
FELE,0.0001
SKYW,0.0001
DVA,0.0001
VIAV,0.0001
STEP,0.0001
INDV,0.0001
CDTX,0.0001
ELF,0.0001
PLXS,0.0001
FOLD,0.0001
WK,0.0001
EBC,0.0001
VSCO,0.0001
ITRI,0.0001
SON,0.0001
ASB,0.0001
BOX,0.0001
KNF,0.0001
MC,0.0001
BTSG,0.0001
SLAB,0.0001
MSGS,0.0001
NEU,0.0001
CRNX,0.0001
PFSI,0.0001
CORZ,0.0001
TDS,0.0001
ADT,0.0001
CUZ,0.0001
S,0.0001
ATGE,0.0001
SXT,0.0001
RUN,0.0001
HAE,0.0001
STNE,0.0001
TMDX,0.0001
AROC,0.0001
PJT,0.0001
PRMB,0.0001
VSAT,0.0001
MSM,0.0001
LEU,0.0001
PRM,0.0001
UPST,0.0001
BRBR,0.0001
INDB,0.0001
FFIN,0.0001
SOUN,0.0001
KRMN,0.0001
SARO,0.0001
TVTX,0.0001
MGY,0.0001
VSEC,0.0001
NE,0.0001
SIRI,0.0001
KBH,0.0001
HASI,0.0001
YETI,0.0001
LGND,0.0001
EPR,0.0001
LLYVK,0.0001
BFB,0.0001
MATX,0.0001
WHR,0.0001
CRCL,0.0001
MDU,0.0001
FLG,0.0001
ASO,0.0001
VVV,0.0001
DLB,0.0001
IESC,0.0001
VKTX,0.0001
IRT,0.0001
TREX,0.0001
VRNS,0.0001
SFBS,0.0001
SHC,0.0001
PVH,0.0001
IBOC,0.0001
SIG,0.0001
SRRK,0.0001
NWE,0.0001
MWA,0.0001
CARG,0.0001
EOSE,0.0001
VRRM,0.0001
PATK,0.0001
TEX,0.0001
SKT,0.0001
KAI,0.0001
ZETA,0.0001
PLMR,0.0001
UCB,0.0001
COLD,0.0001
WSC,0.0001
MRCY,0.0001
TERN,0.0001
POWL,0.0001
PII,0.0001
WAY,0.0001
MARA,0.0001
CALM,0.0001
LTH,0.0001
EXPO,0.0001
RIG,0.0001
ACAD,0.0001
BHF,0.0001
KFY,0.0001
NVST,0.0001
COMM,0.0001
BXMT,0.0001
MHO,0.0001
GFS,0.0001
NWS,0.0001
GHC,0.0001
CBT,0.0001
OUT,0.0001
REVG,0.0001
DORM,0.0001
GLNG,0.0001
BTU,0.0001
CRC,0.0001
AZZ,0.0001
GNW,0.0001
FHB,0.0001
WULF,0.0001
PSMT,0.0001
NMIH,0.0001
RNST,0.0001
FUL,0.0001
TPC,0.0001
MYRG,0.0001
PSN,0.0001
SPSC,0.0001
XENE,0.0001
BFH,0.0001
SLGN,0.0001
RYN,0.0001
ARQT,0.0001
FBP,0.0001
KTB,0.0001
KGS,0.0
WSFS,0.0
ALGM,0.0
OPLN,0.0
ICUI,0.0
TGNA,0.0
PAG,0.0
GSAT,0.0
NHI,0.0
BKU,0.0
ZG,0.0
NG,0.0
OTTR,0.0
DOCN,0.0
LIVN,0.0
PCH,0.0
CLSK,0.0
LCII,0.0
JHX,0.0
SLG,0.0
RUSHA,0.0
BL,0.0
PBH,0.0
RARE,0.0
FIBK,0.0
VCYT,0.0
HURN,0.0
APGE,0.0
HAYW,0.0
EEFT,0.0
CATY,0.0
FULT,0.0
MZTI,0.0
GFF,0.0
CDP,0.0
NATL,0.0
GTM,0.0
AVA,0.0
CBU,0.0
UUUU,0.0
TPH,0.0
SHOO,0.0
AMBA,0.0
BCC,0.0
MIRM,0.0
WSBC,0.0
HWKN,0.0
ASH,0.0
BNL,0.0
UNF,0.0
IAC,0.0
BRZE,0.0
DAN,0.0
CELC,0.0
TDC,0.0
RRR,0.0
BGC,0.0
MPW,0.0
WHD,0.0
LOAR,0.0
AIR,0.0
TARS,0.0
GRAL,0.0
CPRX,0.0
SHAK,0.0
CALX,0.0
RHI,0.0
OSCR,0.0
YOU,0.0
VERA,0.0
GPOR,0.0
FRPT,0.0
HNI,0.0
RH,0.0
VAL,0.0
TBBK,0.0
XMTR,0.0
APLE,0.0
PHIN,0.0
IDYA,0.0
HUBG,0.0
AGYS,0.0
CPRI,0.0
CWEN,0.0
ALHC,0.0
TENB,0.0
LBRT,0.0
HP,0.0
LXP,0.0
SYNA,0.0
NCNO,0.0
ABM,0.0
AWR,0.0
TOWN,0.0
MGEE,0.0
VIRT,0.0
BOKF,0.0
LRN,0.0
NMRK,0.0
CPK,0.0
INSP,0.0
GLOB,0.0
HGV,0.0
WDFC,0.0
ACLS,0.0
AVNT,0.0
SBCF,0.0
DXC,0.0
BLKB,0.0
SFNC,0.0
RNG,0.0
CHH,0.0
BOH,0.0
LQDA,0.0
CIVI,0.0
ITGR,0.0
CBZ,0.0
PFS,0.0
ACLX,0.0
BKD,0.0
ADPT,0.0
NTB,0.0
SXI,0.0
KLIC,0.0
PRVA,0.0
VCTR,0.0
OLN,0.0
ATEC,0.0
HIW,0.0
JOE,0.0
DNOW,0.0
BEAM,0.0
PLUS,0.0
VC,0.0
TRMK,0.0
CVBF,0.0
SUPN,0.0
AAOI,0.0
INTA,0.0
CWT,0.0
FRSH,0.0
KMPR,0.0
CHEF,0.0
HOG,0.0
DRS,0.0
CNK,0.0
WLK,0.0
MGRC,0.0
AKR,0.0
MCY,0.0
STNG,0.0
BBAI,0.0
APLS,0.0
GT,0.0
TDW,0.0
BANF,0.0
PENN,0.0
FCPT,0.0
OI,0.0
ACMR,0.0
SDRL,0.0
KMT,0.0
MTRN,0.0
BANC,0.0
ATKR,0.0
SPHR,0.0
AAP,0.0
SYRE,0.0
NUVB,0.0
PK,0.0
WAFD,0.0
IPGP,0.0
CWK,0.0
EPAC,0.0
GENI,0.0
UPWK,0.0
BANR,0.0
COCO,0.0
ALRM,0.0
KSS,0.0
WU,0.0
FBNC,0.0
WRBY,0.0
APAM,0.0
RELY,0.0
FFBC,0.0
SMG,0.0
AMR,0.0
PTEN,0.0
AMRX,0.0
FRHC,0.0
HHH,0.0
NSIT,0.0
CENX,0.0
VICR,0.0
AUPH,0.0
MSGE,0.0
PPTA,0.0
CXT,0.0
DIOD,0.0
CAKE,0.0
VRDN,0.0
XRAY,0.0
CSGS,0.0
PRDO,0.0
PTON,0.0
DX,0.0
ASGN,0.0
HI,0.0
UI,0.0
PLUG,0.0
UE,0.0
OII,0.0
EXTR,0.0
BIRK,0.0
GOLF,0.0
BULL,0.0
FBK,0.0
SM,0.0
DJT,0.0
CXW,0.0
NGVT,0.0
WGS,0.0
GTX,0.0
POWI,0.0
SONO,0.0
DBRG,0.0
FWONA,0.0
EYE,0.0
PBF,0.0
DYN,0.0
CSTM,0.0
WD,0.0
DVAX,0.0
KN,0.0
LINE,0.0
QUBT,0.0
YELP,0.0
DK,0.0
OSW,0.0
EVTC,0.0
PARR,0.0
MRX,0.0
SMMT,0.0
OCUL,0.0
PRK,0.0
MGNI,0.0
CNXC,0.0
CURB,0.0
CAR,0.0
CUBI,0.0
TRN,0.0
SRPT,0.0
BUSE,0.0
CON,0.0
FRME,0.0
PLAB,0.0
WVE,0.0
PGNY,0.0
DNLI,0.0
EWTX,0.0
CACC,0.0
AVPT,0.0
GEO,0.0
OMCL,0.0
FLO,0.0
VCEL,0.0
RXO,0.0
BATRK,0.0
HE,0.0
CRK,0.0
IVT,0.0
AVDL,0.0
CRVL,0.0
GRBK,0.0
ANDE,0.0
NOG,0.0
INSW,0.0
NRIX,0.0
DRH,0.0
CECO,0.0
EFSC,0.0
PAGS,0.0
BBT,0.0
NSA,0.0
KWR,0.0
PRGO,0.0
PRGS,0.0
CNS,0.0
KALU,0.0
HMN,0.0
IOSP,0.0
SYBT,0.0
SLNO,0.0
LBTYK,0.0
LC,0.0
MTX,0.0
CGON,0.0
NBTB,0.0
WERN,0.0
BLBD,0.0
TNET,0.0
RAMP,0.0
TWST,0.0
SHO,0.0
WT,0.0
SMR,0.0
TXG,0.0
STC,0.0
MQ,0.0
LBTYA,0.0
AORT,0.0
OGN,0.0
BCRX,0.0
ADUS,0.0
IRDM,0.0
VSH,0.0
ADNT,0.0
NHC,0.0
SPB,0.0
QDEL,0.0
BLX,0.0
BELFB,0.0
ATRC,0.0
IMNM,0.0
LZB,0.0
BUR,0.0
SEI,0.0
DDS,0.0
RCUS,0.0
CRGY,0.0
DEI,0.0
BHE,0.0
ARCB,0.0
GSHD,0.0
STRA,0.0
HTH,0.0
SAM,0.0
DAVE,0.0
MNKD,0.0
ROG,0.0
ADEA,0.0
NWBI,0.0
UNFI,0.0
HCI,0.0
GNL,0.0
TIC,0.0
ZD,0.0
UFPT,0.0
ARR,0.0
VYX,0.0
CHCO,0.0
CC,0.0
CASH,0.0
LION,0.0
DBD,0.0
NTCT,0.0
IE,0.0
SLVM,0.0
AGIO,0.0
XHR,0.0
SMPL,0.0
COLM,0.0
HUN,0.0
HLIO,0.0
COLL,0.0
MD,0.0
BRSL,0.0
WLDN,0.0
OLMA,0.0
CENTA,0.0
OFG,0.0
RSI,0.0
PRCT,0.0
AGM,0.0
HOUS,0.0
INOD,0.0
MODG,0.0
FMC,0.0
VECO,0.0
GEF,0.0
NTST,0.0
SKWD,0.0
NNI,0.0
HRMY,0.0
LUNR,0.0
ANIP,0.0
LGN,0.0
FLYW,0.0
CLDX,0.0
NSSC,0.0
NWL,0.0
USLM,0.0
IPAR,0.0
REAL,0.0
CLVT,0.0
VAC,0.0
QCRH,0.0
IRON,0.0
SGHC,0.0
LASR,0.0
TPB,0.0
GABC,0.0
DV,0.0
ATRO,0.0
STOK,0.0
STEL,0.0
ALEX,0.0
ARRY,0.0
HLMN,0.0
KOD,0.0
NEO,0.0
IMVT,0.0
CCS,0.0
ALKT,0.0
SNDX,0.0
ALG,0.0
WKC,0.0
SBH,0.0
ELME,0.0
BWIN,0.0
ICFI,0.0
ATEN,0.0
PPC,0.0
LLYVA,0.0
WOR,0.0
ROCK,0.0
TILE,0.0
NVRI,0.0
AI,0.0
AIN,0.0
AAMI,0.0
ARI,0.0
RXRX,0.0
FIGR,0.0
CTRI,0.0
NEOG,0.0
NWN,0.0
WWW,0.0
NIC,0.0
FTRE,0.0
SNDR,0.0
PAYO,0.0
MLYS,0.0
FCF,0.0
PACS,0.0
WEN,0.0
LEG,0.0
TSHA,0.0
LMAT,0.0
IIPR,0.0
HCSG,0.0
TTI,0.0
EYPT,0.0
DHC,0.0
SHLS,0.0
ENR,0.0
GBX,0.0
SEM,0.0
PEB,0.0
NN,0.0
TALO,0.0
TRIP,0.0
DGII,0.0
FIVN,0.0
VERX,0.0
LCID,0.0
MBC,0.0
DHT,0.0
ENOV,0.0
SPNT,0.0
MLKN,0.0
JBLU,0.0
WABC,0.0
HLF,0.0
PAR,0.0
WLY,0.0
PRLB,0.0
ZYME,0.0
UTI,0.0
HTO,0.0
CNOB,0.0
BFC,0.0
BFA,0.0
TFIN,0.0
JJSF,0.0
CTS,0.0
BKE,0.0
APPN,0.0
INVA,0.0
LNN,0.0
FUN,0.0
AZTA,0.0
BLSH,0.0
TNDM,0.0
NVCR,0.0
PRKS,0.0
VVX,0.0
LZ,0.0
ANAB,0.0
TRUP,0.0
ACHC,0.0
ECPG,0.0
STBA,0.0
NSP,0.0
AMSC,0.0
AXGN,0.0
VRE,0.0
MCRI,0.0
CRAI,0.0
CLMT,0.0
RLJ,0.0
TRS,0.0
IMAX,0.0
MAN,0.0
RLAY,0.0
UVV,0.0
PD,0.0
TCBK,0.0
TNC,0.0
TNK,0.0
BBNX,0.0
XPEL,0.0
LKFN,0.0
HROW,0.0
PZZA,0.0
KNTK,0.0
XPRO,0.0
ACVA,0.0
GIII,0.0
SAIL,0.0
SILA,0.0
ACT,0.0
JAMF,0.0
XERS,0.0
LTC,0.0
FSLY,0.0
MXL,0.0
REYN,0.0
THR,0.0
HOPE,0.0
CBL,0.0
NAVI,0.0
WGO,0.0
DXPE,0.0
CCB,0.0
GTY,0.0
ORKA,0.0
PRG,0.0
LILAK,0.0
LIF,0.0
WINA,0.0
CNMD,0.0
LFST,0.0
GHM,0.0
FDP,0.0
ARDX,0.0
NPKI,0.0
HLIT,0.0
OUST,0.0
TDOC,0.0
LADR,0.0
FLNC,0.0
SEB,0.0
ASTH,0.0
PRA,0.0
USAR,0.0
ABR,0.0
SGRY,0.0
CRI,0.0
CSR,0.0
PCRX,0.0
SFD,0.0
THRM,0.0
REX,0.0
FIHL,0.0
THS,0.0
UVE,0.0
TRVI,0.0
ALGT,0.0
WMK,0.0
JBGS,0.0
KW,0.0
CMPR,0.0
TGLS,0.0
COTY,0.0
ARLO,0.0
OMER,0.0
NBHC,0.0
DFIN,0.0
UCTT,0.0
OCFC,0.0
HG,0.0
GLIBK,0.0
PMT,0.0
LOB,0.0
IMKTA,0.0
SAFT,0.0
STAA,0.0
RVLV,0.0
SBSI,0.0
FA,0.0
PEBO,0.0
MIAX,0.0
DCOM,0.0
VRTS,0.0
ENVX,0.0
LENB,0.0
MFA,0.0
AMLX,0.0
TBPH,0.0
SCL,0.0
UPBD,0.0
USPH,0.0
SDGR,0.0
AMPH,0.0
LINC,0.0
FG,0.0
PENG,0.0
TNGX,0.0
DOLE,0.0
CMRE,0.0
PWP,0.0
CRMD,0.0
SIBN,0.0
WS,0.0
PDM,0.0
NVAX,0.0
RIGL,0.0
CDRE,0.0
UPB,0.0
VITL,0.0
FMBH,0.0
CFFN,0.0
IDT,0.0
SFL,0.0
ASTE,0.0
FIGS,0.0
ASAN,0.0
SCSC,0.0
NRIM,0.0
SVRA,0.0
IRMD,0.0
MSEX,0.0
GO,0.0
OBK,0.0
BBW,0.0
EIG,0.0
CLOV,0.0
EPC,0.0
VSTS,0.0
APOG,0.0
DNTH,0.0
CNNE,0.0
FULC,0.0
EFC,0.0
CWENA,0.0
AMWD,0.0
TWO,0.0
CTLP,0.0
BHVN,0.0
HRTG,0.0
ESPR,0.0
COHU,0.0
CCOI,0.0
UNIT,0.0
SRCE,0.0
LGIH,0.0
PLYM,0.0
CIM,0.0
COUR,0.0
GBTG,0.0
CPF,0.0
TMP,0.0
BTDR,0.0
JBI,0.0
ECVT,0.0
NWPX,0.0
MNMD,0.0
DCO,0.0
BBSI,0.0
CERT,0.0
DAKT,0.0
PGY,0.0
CDNA,0.0
PRCH,0.0
DRVN,0.0
PGEN,0.0
BJRI,0.0
PNTG,0.0
MCHB,0.0
BORR,0.0
ESRT,0.0
PCT,0.0
GCT,0.0
DLX,0.0
ALH,0.0
SEZL,0.0
UMH,0.0
GLUE,0.0
BHRB,0.0
IART,0.0
CNA,0.0
NESR,0.0
ESQ,0.0
AIV,0.0
SMBK,0.0
UVSP,0.0
TE,0.0
JBIO,0.0
WTTR,0.0
AMRC,0.0
BRSP,0.0
MAZE,0.0
RYI,0.0
BLFS,0.0
OSBC,0.0
CXM,0.0
MOFG,0.0
FUBO,0.0
ERAS,0.0
SMA,0.0
AAT,0.0
HTB,0.0
CARS,0.0
IDR,0.0
MBX,0.0
ORRF,0.0
UAA,0.0
GRC,0.0
RPD,0.0
MEG,0.0
PAX,0.0
ABUS,0.0
MBWM,0.0
FBRT,0.0
SENEA,0.0
LPG,0.0
MDXG,0.0
RAPP,0.0
EVLV,0.0
ALIT,0.0
RCAT,0.0
GERN,0.0
UA,0.0
TCBX,0.0
VTOL,0.0
HAFC,0.0
XNCR,0.0
HLX,0.0
REPL,0.0
TRST,0.0
DEA,0.0
HFWA,0.0
PDFS,0.0
CTBI,0.0
BY,0.0
UFCS,0.0
RBCAA,0.0
ORC,0.0
CPS,0.0
INVX,0.0
NTLA,0.0
FIZZ,0.0
URGN,0.0
CAPR,0.0
PHR,0.0
AIP,0.0
SAH,0.0
SANA,0.0
NTGR,0.0
WSR,0.0
MATW,0.0
TCMD,0.0
CSTL,0.0
NBBK,0.0
PFBC,0.0
TFSL,0.0
LQDT,0.0
TREE,0.0
CMPO,0.0
EVER,0.0
NIQ,0.0
ERII,0.0
AHCO,0.0
YEXT,0.0
HTBK,0.0
SCHL,0.0
AMPL,0.0
METC,0.0
MCBS,0.0
HIPO,0.0
BBUC,0.0
TK,0.0
CLB,0.0
LMB,0.0
LBRDA,0.0
NVTS,0.0
FOXF,0.0
BZH,0.0
AQST,0.0
SPRY,0.0
PVLA,0.0
ALNT,0.0
HNRG,0.0
CVI,0.0
SAFE,0.0
GLDD,0.0
HTFL,0.0
ZBIO,0.0
DJCO,0.0
SEPN,0.0
EMBC,0.0
MCB,0.0
RUSHB,0.0
CCBG,0.0
LXEO,0.0
AXL,0.0
RHLD,0.0
AMPX,0.0
CAI,0.0
NUTX,0.0
DC,0.0
ELVN,0.0
TALK,0.0
SLDE,0.0
HTZ,0.0
SMP,0.0
ODC,0.0
AMSF,0.0
BCML,0.0
JANX,0.0
SXC,0.0
NB,0.0
BLND,0.0
GDOT,0.0
FWRD,0.0
MYE,0.0
PLPC,0.0
HBNC,0.0
NNE,0.0
PUMP,0.0
SION,0.0
UNTY,0.0
SERV,0.0
TDUP,0.0
GRDN,0.0
FBIZ,0.0
IOVA,0.0
SBGI,0.0
PSIX,0.0
PLOW,0.0
NPK,0.0
NXRT,0.0
NX,0.0
LIND,0.0
EQBK,0.0
CMP,0.0
NPCE,0.0
MPB,0.0
FLNG,0.0
DEC,0.0
CNXN,0.0
ADAM,0.0
GOLD,0.0
MTUS,0.0
BV,0.0
QNST,0.0
MBIN,0.0
EBS,0.0
SNCY,0.0
ARVN,0.0
KE,0.0
NAT,0.0
KURA,0.0
BFST,0.0
SG,0.0
SKYT,0.0
KMTS,0.0
RWT,0.0
KODK,0.0
TR,0.0
DAWN,0.0
CMPX,0.0
AIOT,0.0
BTBT,0.0
CBLL,0.0
APEI,0.0
PRSU,0.0
SOC,0.0
THFF,0.0
MNRO,0.0
FSUN,0.0
CABO,0.0
MATV,0.0
CGEM,0.0
HBCP,0.0
CWCO,0.0
TYRA,0.0
PRAA,0.0
STGW,0.0
LYTS,0.0
BCAL,0.0
BKV,0.0
AESI,0.0
NEXT,0.0
SLDP,0.0
CRVS,0.0
GNK,0.0
AVAH,0.0
CVLG,0.0
UTL,0.0
MAMA,0.0
CARE,0.0
CAC,0.0
LXU,0.0
EGBN,0.0
IBCP,0.0
AMAL,0.0
HSTM,0.0
UTZ,0.0
AMBP,0.0
COFS,0.0
ORGO,0.0
INGM,0.0
CSV,0.0
ZVRA,0.0
ADCT,0.0
GOSS,0.0
AVBP,0.0
DRUG,0.0
MRTN,0.0
FOR,0.0
ITIC,0.0
MMI,0.0
ADTN,0.0
GSBC,0.0
CWBC,0.0
NECB,0.0
PAYS,0.0
WLFC,0.0
IIIN,0.0
PHAT,0.0
IIIV,0.0
PFIS,0.0
OXM,0.0
HCKT,0.0
GLRE,0.0
ILPT,0.0
RZLV,0.0
ACNB,0.0
ARHS,0.0
KFRC,0.0
AROW,0.0
OIS,0.0
HOV,0.0
BLMN,0.0
FRBA,0.0
FIP,0.0
AMN,0.0
SMBC,0.0
DIN,0.0
PLAY,0.0
BCAX,0.0
AMTB,0.0
VEL,0.0
MVST,0.0
BHB,0.0
INBX,0.0
ONIT,0.0
EXPI,0.0
SFST,0.0
TRNS,0.0
SHEN,0.0
RRBI,0.0
GEFB,0.0
OBT,0.0
CWH,0.0
SPT,0.0
ACEL,0.0
UWMC,0.0
AMC,0.0
ACIC,0.0
GCMG,0.0
ROOT,0.0
FCBC,0.0
CLPT,0.0
MBUU,0.0
CBRL,0.0
SWBI,0.0
HPP,0.0
BWB,0.0
ZUMZ,0.0
MYGN,0.0
IMXI,0.0
FMNB,0.0
FISI,0.0
MBCN,0.0
PAHC,0.0
AEHR,0.0
TROX,0.0
ATXS,0.0
KROS,0.0
UAMY,0.0
NFBK,0.0
ASC,0.0
BXC,0.0
CASS,0.0
SEMR,0.0
FFIC,0.0
WRLD,0.0
MVBF,0.0
GDEN,0.0
OSPN,0.0
TDAY,0.0
ORIC,0.0
CAL,0.0
CTKB,0.0
BDN,0.0
FSBC,0.0
SD,0.0
DFH,0.0
SPFI,0.0
HIFS,0.0
FLGT,0.0
DGICA,0.0
ETD,0.0
KOP,0.0
INN,0.0
JBSS,0.0
DBI,0.0
FRGE,0.0
OFIX,0.0
CLBK,0.0
ICHR,0.0
RUM,0.0
CIVB,0.0
SFIX,0.0
PGC,0.0
MGTX,0.0
FSBW,0.0
RDVT,0.0
ASIX,0.0
NAGE,0.0
AVNS,0.0
EHAB,0.0
HELE,0.0
EE,0.0
ANGI,0.0
WSBF,0.0
TSBK,0.0
PKE,0.0
RM,0.0
KREF,0.0
EVCM,0.0
CCNE,0.0
NBN,0.0
NABL,0.0
UDMY,0.0
BATRA,0.0
ANGO,0.0
HBT,0.0
TRC,0.0
RGR,0.0
PLSE,0.0
RGNX,0.0
MSBI,0.0
CCSI,0.0
CYH,0.0
HZO,0.0
BAND,0.0
VPG,0.0
OPK,0.0
TRTX,0.0
UHT,0.0
AOSL,0.0
WTBA,0.0
IRWD,0.0
BOW,0.0
FRST,0.0
TIPT,0.0
ALX,0.0
ABSI,0.0
OPTU,0.0
IHRT,0.0
AVO,0.0
CEVA,0.0
INDI,0.0
LOCO,0.0
JMSB,0.0
VIR,0.0
ALRS,0.0
VTS,0.0
SHBI,0.0
CMCL,0.0
KRNY,0.0
ANNX,0.0
GIC,0.0
ASPI,0.0
SABR,0.0
EBF,0.0
AEBI,0.0
GRPN,0.0
EVH,0.0
CZNC,0.0
TBCH,0.0
UHAL,0.0
BMRC,0.0
PACB,0.0
CTO,0.0
NUS,0.0
PANL,0.0
DHIL,0.0
CMCO,0.0
NBR,0.0
APPS,0.0
FRPH,0.0
ACTG,0.0
MITK,0.0
BWMN,0.0
MLR,0.0
MTW,0.0
MCW,0.0
VREX,0.0
FMAO,0.0
BLFY,0.0
SRTA,0.0
DSGR,0.0
ZEUS,0.0
WNC,0.0
JACK,0.0
MCS,0.0
MLAB,0.0
LAB,0.0
RES,0.0
CRNC,0.0
SSTK,0.0
HVT,0.0
KOS,0.0
WASH,0.0
DENN,0.0
BVS,0.0
HYLN,0.0
HTLD,0.0
GTN,0.0
EU,0.0
AEVA,0.0
MBI,0.0
YORW,0.0
VNDA,0.0
OSG,0.0
GDYN,0.0
PKST,0.0
FDBC,0.0
STKL,0.0
PRTA,0.0
RBB,0.0
CTOS,0.0
CLFD,0.0
GOOD,0.0
PACK,0.0
ACCO,0.0
PLTK,0.0
BFS,0.0
FWRG,0.0
FNLC,0.0
PUBM,0.0
IBRX,0.0
MCFT,0.0
LXFR,0.0
PX,0.0
CODI,0.0
SPOK,0.0
FDMT,0.0
RMNI,0.0
FPI,0.0
SCVL,0.0
BETR,0.0
GRNT,0.0
IBTA,0.0
CYRX,0.0
MRVI,0.0
AHH,0.0
REFI,0.0
KALV,0.0
DNUT,0.0
NCMI,0.0
MAX,0.0
CCRN,0.0
WEAV,0.0
BYRN,0.0
LENZ,0.0
GPRE,0.0
EGY,0.0
ARKO,0.0
NLOP,0.0
RYAM,0.0
LMNR,0.0
CHCT,0.0
OLP,0.0
REAX,0.0
DSP,0.0
MGPI,0.0
CVGW,0.0
CLNE,0.0
CIO,0.0
MOV,0.0
NGVC,0.0
ONTF,0.0
ALT,0.0
CLDT,0.0
LILA,0.0
RXST,0.0
ZIP,0.0
RC,0.0
KELYA,0.0
PRTH,0.0
GRND,0.0
NGNE,0.0
CMT,0.0
TWI,0.0
TITN,0.0
CENT,0.0
TG,0.0
TRUE,0.0
VMD,0.0
DSGN,0.0
KRUS,0.0
REPX,0.0
EB,0.0
HY,0.0
CMRC,0.0
XRX,0.0
NXDR,0.0
CLMB,0.0
ENTA,0.0
CLW,0.0
LAND,0.0
CZFS,0.0
TH,0.0
BMBL,0.0
GCO,0.0
INBK,0.0
IPI,0.0
OOMA,0.0
OEC,0.0
NRDS,0.0
CNDT,0.0
QTRX,0.0
EOLS,0.0
GOGO,0.0
LAW,0.0
TRDA,0.0
SITC,0.0
ALDX,0.0
SLP,0.0
GMRE,0.0
HDSN,0.0
SVC,0.0
CERS,0.0
AVNW,0.0
SIGA,0.0
NEWT,0.0
WOW,0.0
BGS,0.0
RPAY,0.0
AKBA,0.0
FC,0.0
AMCX,0.0
IVR,0.0
NVEC,0.0
CMTG,0.0
XPER,0.0
ATEX,0.0
BSRR,0.0
EVC,0.0
FFWM,0.0
USNA,0.0
WOOF,0.0
RBBN,0.0
RDW,0.0
AVXL,0.0
NRC,0.0
POWW,0.0
ATNI,0.0
NFE,0.0
RICK,0.0
EVGO,0.0
OPRX,0.0
BBBY,0.0
JOUT,0.0
SB,0.0
LRMR,0.0
AVIR,0.0
BHR,0.0
CRCT,0.0
UTMD,0.0
SVV,0.0
RCKT,0.0
BOC,0.0
DOMO,0.0
PSTL,0.0
CRSR,0.0
PSFE,0.0
RMR,0.0
MEI,0.0
INSE,0.0
TCX,0.0
SLQT,0.0
JAKK,0.0
LOVE,0.0
RGP,0.0
EGHT,0.0
DDD,0.0
ALMS,0.0
ANIK,0.0
GNE,0.0
AGL,0.0
ULH,0.0
CMDB,0.0
ACRE,0.0
ASLE,0.0
JELD,0.0
OMI,0.0
WTI,0.0
ARCT,0.0
SSP,0.0
AURA,0.0
UIS,0.0
JRVR,0.0
SEG,0.0
SNBR,0.0
PTLO,0.0
KIDS,0.0
INR,0.0
OSUR,0.0
EPM,0.0
CRMT,0.0
BCBP,0.0
GETY,0.0
ULCC,0.0
ASPN,0.0
TBI,0.0
OLPX,0.0
NXDT,0.0
HNST,0.0
LPRO,0.0
CBAN,0.0
ALTG,0.0
XPOF,0.0
CATX,0.0
BOOM,0.0
MASS,0.0
QSI,0.0
FLWS,0.0
MXCT,0.0
THRY,0.0
EDIT,0.0
RMAX,0.0
NNOX,0.0
WEST,0.0
TTGT,0.0
STRZ,0.0
VYGR,0.0
KLC,0.0
OABI,0.0
MVIS,0.0
CVRX,0.0
MNTK,0.0
SKIN,0.0
AVD,0.0
MED,0.0
ONEW,0.0
HRTX,0.0
DMRC,0.0
PRME,0.0
ADV,0.0
ALLO,0.0
IMMR,0.0
INGN,0.0
OFLX,0.0
ASUR,0.0
GLIBA,0.0
ACDC,0.0
HCAT,0.0
TMCI,0.0
HUMA,0.0
FORR,0.0
KRRO,0.0
CDXS,0.0
HAIN,0.0
DH,0.0
ARAY,0.0
RCEL,0.0
FNKO,0.0
EWCZ,0.0
ATYR,0.0
DCGO,0.0
WALD,0.0
SSTI,0.0
ALEC,0.0
SUNS,0.0
CHRS,0.0
AFCG,0.0
FATE,0.0
LUNG,0.0
MYPS,0.0
NKTX,0.0
TTEC,0.0
BRCC,0.0
BYND,0.0
INH,0.0
AKE,0.0
SEAT,0.0
ADRO,0.0
TEAD,0.0
ADRO,0.0
GTXI,0.0
-,0.0
THRD,0.0
PBI,0.0
-,0.0
-,0.0
